Date Measure,Video ID,Channel ID,views,impressions,subscribers gained
1587920878,ebb6f989672006ac,ea415ac3,653,363,354
1550166945,fefaea2a82368109,9096fc15,430,770,704
1597744988,0b6125f04b024fef,0052b2d0,30,619,699
1599459010,be40660dd64d6914,5fcec2f5,130,213,348
1491799517,052e14eecaa685c8,015d8077,624,53,272
1562001278,cb92d79529908aef,261cfcbf,420,588,533
1604864775,09ef601fa00ed51f,054eca91,648,405,680
1524635681,749396b135b0a12c,4cbce800,674,601,631
1556471905,cc7e838a80a42c2c,d3b79d1d,686,486,836
1640894014,d078af501b2daa09,5a0913ba,141,63,554
1518576299,54f6f4f704a38eb7,4a00d72d,444,183,659
1513372603,6ad513c17a06bf8a,8539a778,968,822,626
1559779409,e10807552e25f3c5,c4f12a5d,608,677,291
1608977646,81b9ea8bdd3b2d21,5408a40c,221,219,53
1622192826,d84a4ba599544457,c5ae0242,34,233,440
1519946430,2b901ec25dc19f45,3b2ec6d8,493,395,692
1595233977,78f0ef3c85f662e1,015131e8,22,367,90
1491574661,13d4990d8a68c77a,0c2ed81e,779,792,451
1606261672,ffb3f64f5ea46e0f,c5f43371,405,952,190
1553990646,fe8fc6b555ab75ef,c569d77e,754,282,777
1586178961,6517776573de544c,ebaf2280,56,311,518
1617516034,e91220b04147bc07,49e220d7,204,838,930
1600996462,d7494bb617f6521e,8b0bec1f,985,968,941
1529468751,8566f23b480cf18d,bee3f70f,136,729,168
1581894824,68603fce68afe1a3,3c7bfb3e,362,296,108
1511991606,9c9db248e50daed4,828a0ff5,841,87,961
1575767006,6ad513c17a06bf8a,8539a778,420,53,229
1549869196,51a8a01685e06f8f,218779f0,750,41,965
1587052720,9a9c436f54564c40,e6b07b77,256,460,461
1550597291,a5377e64a608f8c4,5c71bc6e,789,846,806
1563216103,747f70184458229f,40bec52c,875,864,522
1524626264,3bc9ed91afdd7bc0,bdeedda7,629,415,306
1630707597,ae68244293c95752,467d9a84,556,997,236
1505601284,dd3a94828cd2be01,22353de3,70,480,743
1543903169,efd9d6c05cdb0961,f76ec67c,947,256,346
1512071017,328d6845c2e3511f,ce613410,751,306,943
1601508257,71a8024060f9494a,ee098741,167,351,465
1549657710,64c97793c4b0c0bb,b0d81fd2,43,807,138
1615227464,378fb946570ca856,fbd0e203,93,284,882
1520517099,84074ba600225847,b37b408b,221,654,604
1509805164,1bbadccfa7e04448,644e7437,119,165,76
1554188167,847ec695b6938ce4,85506b1e,566,684,359
1593304320,ecd7fbdcf061f881,e8732ed1,873,576,437
1534372112,cfc43997d6b92f3a,9ab1ee1b,375,251,161
1486684790,6ea042b1f3f93a10,e4b15da0,119,944,191
1620550800,947d25f8cf67da83,e062328d,232,412,869
1567222017,b6bf9fb5f856dbf7,5e9b0367,447,547,159
1493819148,559809b5ccccfd54,08d30072,480,910,249
1595476252,2802903cf99e2587,860a0f1e,279,449,115
1600854978,a61efdae60887bdf,da952183,169,426,948
1541246612,46871262b0a7ef3e,32689d87,945,116,389
1509788244,90e576aa10bc77ed,50826c3d,222,760,143
1502264602,d078af501b2daa09,5a0913ba,79,670,670
1498791042,5bb5a61fbd2c09fa,97abc3ea,371,374,760
1625578009,eee371a718df5518,7df10c60,704,817,334
1523908127,dc653be4f9096aa1,390a7154,474,444,453
1627436612,81b9ea8bdd3b2d21,5408a40c,157,624,407
1637145016,1eb2fe20461d5ef1,7f207950,799,405,206
1630462987,cc07cfe1a4805999,4f8e3a22,32,358,501
1517316662,15b5391e360f9d65,da848b9c,596,362,189
1571058519,bdcca1bcddc855ba,cae4d61e,750,154,123
1582475201,f44ed35a56ef2626,367a64f6,272,692,844
1544015763,a480d775e493c57f,9a6ab5c5,425,639,896
1536889362,7f16289a35442465,8ca1c535,337,350,639
1541644641,bddb06a7353ac155,ba2d9824,449,164,346
1633714804,6a1bc682e9a2ca84,289a0b12,765,457,869
1600143539,9c03e3837887249e,cd136947,397,827,170
1492970779,79ebde5b8f9a2d57,284d1649,655,135,38
1563618866,fac29e8a6d02b783,420b2f11,820,930,152
1517979649,eebbead6fd721453,b92fb0c2,202,873,834
1555840844,125eeca5d46c03a4,3d412e3b,938,258,48
1527643566,890b57989c11c561,c7d33a15,354,120,799
1521090447,75393d227daf0a89,e7eac951,75,193,701
1629383023,d38060abde3a6ee2,d73697fd,265,876,458
1579909768,a3acbb80521e0eef,8d537c7a,128,759,4
1531850818,02d6a02a5e3a4f66,cb32d9aa,726,222,728
1560213410,98a42f6997391b04,c452e0f0,510,585,110
1552537771,0660a1377eff1b00,a4d836ba,881,392,670
1595097978,890b57989c11c561,c7d33a15,945,219,758
1574256161,8d443aae453b1e86,1d8d2bf4,451,880,488
1490996731,b6753291065bf20a,0e3364ba,901,832,333
1496962594,d34f057b136f0e9c,03b994ad,150,528,289
1551792171,56c9335487e90b64,5fac1e19,893,389,488
1504750003,8eea6113ca7c7cf5,65d6021c,374,543,325
1569193463,f4346928c196bcc2,ad0b912d,934,103,629
1492201752,974333bb3d62e6ca,7f50f1e8,675,628,364
1611926915,2082cd6a5a99900d,f0d29692,389,219,120
1487997176,0cf58d4fefa260a3,1d853954,881,354,921
1554178625,309d5d953dad5b49,7f330360,880,674,692
1639867444,603c685878dfeb2e,ea718296,758,16,439
1526780456,3b22001b01f5ef49,f2fe4948,612,634,691
1512636213,202e4201c6f794e3,56e9ebbd,529,490,171
1555691503,d195c9ab10d72868,b3ef0e48,51,612,649
1550294593,6841b86f92bdcba2,37df50c8,118,432,324
1599733632,e766d98391e34d13,28df64d5,763,266,798
1553566865,824da17da4bef612,68c498db,765,55,634
1528928902,68cc1b2fccf90400,b8778fa2,332,688,563
1511261952,de0d240284206107,34089666,631,141,390
1580869021,2b901ec25dc19f45,3b2ec6d8,407,919,522
1521453809,bb5c06c00dcca354,cdeea049,512,272,926
1633516023,3677024277e21f8e,a599d4cd,314,824,737
1638089587,889dc081e6f1376a,d3140225,403,729,592
1486236528,fa9a691ef5fea328,7d1ecdb3,345,584,869
1545404602,7436ef1772015fda,fa1f90f4,871,664,251
1626125121,9d432287645de08d,9e38901a,647,878,651
1639948635,9d0a890ffdfe4b1f,3910cdba,79,516,687
1548505311,acff793bf04b94f1,7247dff3,840,887,824
1558133177,ea9898a6074bb679,530b7ad1,645,515,906
1618386383,8e9b4f955c378cf4,b36c8199,412,803,965
1537241168,fd59ce275247b7c5,8dd945af,849,457,136
1613250675,8e9b4f955c378cf4,b36c8199,727,358,998
1598440878,a4bde7fc218d8964,0a5047cc,675,943,170
1619568376,d5b6cd5832cb0ae4,064776a5,416,588,717
1547795716,a8474168a7022410,6c82f154,792,388,418
1498001895,a35902c715372d67,c0062d1a,194,195,515
1626858444,8eea6113ca7c7cf5,65d6021c,516,658,251
1571267545,60e804600448405b,430518bc,191,894,210
1527361166,908b8a57b81bcc82,862fcbb4,39,611,814
1556848690,77f8644e07535030,f89a573e,327,330,796
1506000411,2f02c96c1274ca3b,f4237031,489,829,899
1630021840,749396b135b0a12c,4cbce800,170,682,360
1641218706,a10fcd62ed90c11b,8766b59c,814,225,252
1534486438,0ad20efa297e0fb1,825b838e,943,490,374
1535587470,fec956ea95dcd5dc,08934dfd,383,138,0
1578267552,ccaa9929a2e383e6,4362edef,160,552,633
1520529134,f44ed35a56ef2626,367a64f6,61,299,936
1521368342,fefac8dcde755620,ab49b666,223,227,909
1582019906,c3de079927544e0e,ed4e9ce2,514,590,989
1534746225,083c9f898d42ff63,70249865,942,880,639
1504958560,98a42f6997391b04,c452e0f0,361,89,353
1620664307,a60ab0c15bb9efb1,54f84972,17,48,391
1520192467,335a380ab625b150,76485019,443,828,637
1507343169,5cb835118fba55a8,a5ddd690,931,677,630
1607394330,e1ec0f7f26ebea2b,cbbafac5,964,184,418
1519184544,889dc081e6f1376a,d3140225,957,219,677
1622958508,68e08f157097b20b,a40842db,607,265,857
1496395090,09baf27af1a2da8a,8ad90d24,376,575,548
1624505763,fb1557cadfaa955d,aa9a329f,433,150,93
1608290897,890b57989c11c561,c7d33a15,358,621,237
1619184936,e98842cab5ad7b41,6a917608,361,746,156
1537416760,b76d2a6efac94dce,3886cfd5,274,912,503
1613622935,a804452cee467b2d,f7a34dd2,9,732,362
1622760010,6b021dfa06f54338,f1a79699,580,352,715
1528072373,64ed5bac7d7e7d26,0f977216,721,214,160
1493193101,55ff27afd7927c6d,17329a7b,347,12,916
1604115381,01f5c3d7cfaa8e7d,f68a3ca1,992,42,282
1548121077,21ad15887c64724f,9add12a7,414,927,813
1501168680,6e051b8bfaeea1d2,155e62e7,968,564,60
1542912634,ccaa9929a2e383e6,4362edef,140,348,376
1635528828,e677a45255566db1,4af6ea96,257,800,294
1607225656,fe8fc6b555ab75ef,c569d77e,370,461,168
1593663662,3714b0436cd19335,a2cd9ee4,817,902,955
1552638589,e0b907846304b765,f5944a9b,362,864,230
1513255220,64a740bb8ff97368,97536982,186,55,239
1546296492,ccaa9929a2e383e6,4362edef,763,527,643
1618074523,c126e143c6e8273c,8814e19b,91,520,29
1545056114,2499f4fe358818a1,42ac56d8,563,971,505
1623385459,6df23722c76d6742,e0276dc8,860,570,350
1605004969,81b9ea8bdd3b2d21,5408a40c,258,699,317
1557278912,329052d32e34f269,22a920db,359,718,476
1581008879,8936c0201502995a,fa1f7528,133,292,266
1511535219,a8d712c396dbdd19,33369744,398,790,884
1630270536,e2a590e42db337b1,2be05110,247,772,56
1498927677,f95ed29dfc219d0c,832c36e5,54,819,37
1586703664,a4f1d72f6c624334,d32fb053,339,310,394
1503813167,e863e65677ced159,73232782,388,338,239
1620968846,e677a45255566db1,4af6ea96,906,593,658
1514814556,5e6fef819409d836,8fa7070a,783,376,390
1526521280,0e352038e16c9036,02b7bb1a,260,97,191
1570325260,9412305624658c58,04f65f69,756,399,763
1561641010,82ec4d1eaaddb916,1f2d22d2,217,352,695
1588085000,12cb4314ca6c9c09,d5ff7f06,921,235,231
1638317293,d54f17f0974c6590,5568a5ea,286,783,342
1520543525,a6dd6c53e33aaba1,36c71878,846,409,952
1578216577,a804452cee467b2d,f7a34dd2,471,272,448
1605646203,00c0d734c77ad29e,83e7f3a6,668,309,358
1510317911,b47063aeeae0e56e,36e39d2f,865,379,435
1525501455,ee41a7ac47d10669,6194f5e8,686,165,429
1634662153,6107034b0a1e0e99,eb3d658b,54,589,905
1615585611,50825a862b1c3927,6ec36538,303,546,622
1501999892,f01896b4b5b50be9,1c4e7728,792,749,478
1506622716,d613a74520b100d4,2338e676,170,306,234
1545055204,7838cb8fc17d23e3,d6b8d4f6,86,333,787
1557201283,4b15af7ec43df0ee,268efba7,788,457,324
1554989972,b5741393a660af77,a1d512e7,305,508,840
1624814516,f990d8fef27c11e6,d9156966,700,20,990
1523238302,a870912404fab789,8967f936,89,332,153
1503873066,370e3a78b6ff884a,bdbc3db0,613,199,816
1626666724,fb9e13bd2ed81543,90576f4c,208,539,110
1588604781,a0618440cc731ea7,548b16bf,144,995,298
1616695797,7a50c7a095052baf,316b6d63,621,974,855
1639786566,536080f8cb2d890b,7c18145f,291,165,921
1565782145,9a9c436f54564c40,e6b07b77,542,192,113
1554631741,3768fc7fe50be076,b80c4b03,404,343,803
1635008929,378fb946570ca856,fbd0e203,183,811,283
1553994368,de6a330142794d8b,20e0cff1,715,48,360
1492513146,49cb0e74d151bca7,9151dceb,306,135,742
1529012739,463ecb1c1914c146,f9800ab6,75,177,569
1547329906,3f2b8667b1685d44,f0ca2c25,454,902,126
1563564460,d7494bb617f6521e,8b0bec1f,922,953,207
1533961203,cd4475c32fcd44b8,02aafef2,890,335,965
1634231747,435eb3b1abd788a8,3a596fc4,177,412,909
1577823853,9ee92c36cfa5357f,0ba1d557,467,529,281
1587589406,fbee47f5a30bef56,300fb6fd,567,507,758
1587130515,76f215cdfedb2fef,05a9bee8,287,882,566
1529982661,ad588349c96e3c5e,f463ed6f,911,214,590
1582168196,577fd533b0ed9f29,adaac06a,151,834,66
1529839162,1477cc811e53af44,46362ad8,286,636,921
1635611864,27a0b2c1f3bde32d,be1058fe,558,696,350
1523095753,bb0feadf2ad72df4,25d2cec1,637,180,488
1535939846,099927282137241a,7c15cbcd,485,168,864
1496192512,424d6827a9f58a64,45756722,74,288,532
1511252039,095809f1c357c6a5,d8c6afd3,367,89,232
1619137578,e72de66ae0416e74,31984f8e,110,696,825
1574069831,76c140a1d90fe1eb,8a07af37,640,183,985
1605048225,f0f0475d4b64e476,bb898bde,878,136,43
1604406151,069a129552b43be7,88c708b7,850,781,784
1606629005,1b5485c884b4bc7a,dfe65403,841,301,618
1582812141,fec956ea95dcd5dc,08934dfd,563,300,143
1606624659,0268d7084159f1a9,b2ad7a44,695,43,175
1516709674,319f2a8fb3a297aa,1b646e28,978,440,259
1587355547,37ee566f95ad3780,6e37d0ef,81,4,741
1532696178,8ac5a3037ea69de1,9714cc9a,832,530,187
1566254864,19d354741b42a15f,626abafe,208,593,597
1516510526,492050803f83b4c8,fa9c4e45,308,702,232
1493758909,82567b130af22f1a,6ad2e709,849,145,331
1618368780,f44ed35a56ef2626,367a64f6,326,313,187
1628776360,54f8bda4d26bb3a0,770783c9,842,472,652
1620540579,e98842cab5ad7b41,6a917608,375,407,601
1554341408,68c328a46e331e6d,da1d7291,11,229,636
1637889930,11e1057718ca3ad0,77bc5f0d,720,204,210
1500753593,f2169e2c790030eb,262ed67a,73,58,812
1565809545,ea43e6af944de883,af592d48,261,493,32
1610774011,4a92bf584700cd0a,2db46599,553,870,194
1546202051,0a9f1212c727bca5,eb9c820f,230,311,477
1641184175,19d354741b42a15f,626abafe,650,16,976
1633882189,318bd2c5e99e2ec5,cc8c9c2c,310,175,761
1556618563,b2da67c6f8c8a330,6872ba65,719,445,955
1549871462,692eb490b856edbf,fb87a12e,649,963,198
1554334047,d976c5c2f9dd3b1b,4f4225dc,159,176,145
1599598624,46871262b0a7ef3e,32689d87,343,169,240
1599699972,dc486274fd93b1c3,4d126a8b,565,347,592
1523825676,7838cb8fc17d23e3,d6b8d4f6,724,757,359
1595647059,40e1b64cb20d1c4d,d86c9c73,317,596,409
1536657163,03a87fa0f704b063,c8aff95e,556,441,750
1615334041,3158b4604951eee6,72de74f9,214,185,942
1518947792,889dc081e6f1376a,d3140225,132,629,638
1550456426,8d380e8e6220b1e3,7efe2af6,424,260,240
1575910961,1bf0885c12f7639d,d4a5bd52,38,142,716
1489260948,ac04289895711620,94559349,279,427,285
1507521779,27556f3435559536,76b6d7ac,429,542,695
1640664114,5da71dda7f86e58e,ae92394d,56,432,323
1580997062,c8402d338ca3f8d3,92d1cef9,944,147,831
1625411919,3ded9345fdd4c4a8,92bfda8e,469,506,988
1607524370,f990d8fef27c11e6,d9156966,987,548,702
1589868050,7a50c7a095052baf,316b6d63,677,673,931
1522247247,64aa65f1d2ddb643,9502538a,908,374,76
1637427086,4adb9f34267839fc,ba3e2aca,515,66,186
1585973857,f5c2a19c89036977,9140e0ee,874,487,762
1602340398,31236f2e2bcfe492,6f793df4,391,892,947
1588472364,b7e342fd8e4ad69b,f5f8a77b,594,10,75
1528326114,e3f5a3ffe5c8f309,710b1645,127,705,617
1534347979,559cf370a88affa6,ee12771c,678,256,966
1549571016,ae8e3cc75bf7203a,5a2f0290,678,409,582
1608266696,e537bca3922efefb,5afb0d5d,284,529,172
1506694224,b8a1b4253f701cad,e563b5ee,549,239,359
1566212786,7ff7738088ea9596,64a5a874,377,3,370
1516196051,8529918f47fa6afd,58abf910,333,579,816
1631612014,167cd3290e3cc0a1,3dbf29c0,877,806,865
1584895789,a3dff4d02078bfbb,a572f71f,396,860,771
1556925567,3158b4604951eee6,72de74f9,221,864,872
1585900474,73a358e42dfe6836,4e5f5075,123,505,957
1510915469,faa024369b8e7477,05719627,909,539,216
1633226140,e863e65677ced159,73232782,960,28,109
1569655184,98a42f6997391b04,c452e0f0,500,332,964
1628044768,fd59ce275247b7c5,8dd945af,8,763,669
1614220361,0391b4342473382b,9d00bf4a,462,338,602
1609198506,e91220b04147bc07,49e220d7,866,78,284
1506319222,0f5cffec54aef3e4,7a2ae9e5,437,524,149
1628547915,51a8a01685e06f8f,218779f0,631,591,522
1489953095,08b8a7ff58d42219,d87effbb,627,601,785
1592341350,459c323c858a5dae,ecdaa96f,948,574,96
1499308468,00b9e803af1c0003,772d5f69,656,627,190
1571036716,cf2621c8416be903,28d6a6ff,266,577,684
1627161675,08b8a7ff58d42219,d87effbb,429,323,477
1541636309,89fc5c182aca6a9e,2671d151,415,942,485
1564795415,329052d32e34f269,22a920db,411,463,581
1608357678,7f540cc83c5c5c5e,5a06aa70,641,664,482
1641751049,0a9f1212c727bca5,eb9c820f,574,984,21
1586674566,857a35f1d40df464,f190c252,954,387,278
1524276619,095809f1c357c6a5,d8c6afd3,42,460,885
1542263819,8d380e8e6220b1e3,7efe2af6,433,515,14
1544625869,1deac9b319277261,18b18081,849,821,417
1543647726,89fc5c182aca6a9e,2671d151,788,175,532
1519550540,7254c141c7d16dc4,da41481c,788,211,667
1637529527,d5b6cd5832cb0ae4,064776a5,394,488,792
1499716253,64aa65f1d2ddb643,9502538a,318,452,920
1542258115,2f02c96c1274ca3b,f4237031,132,613,146
1626565704,fc7f675506e4ffc4,9f15ca8b,838,889,733
1515819299,9f90b6cd9c5b3cad,7645ea7b,745,471,772
1517966082,069a129552b43be7,88c708b7,569,683,902
1495022412,b8a1b4253f701cad,e563b5ee,453,985,371
1637587016,e1ec0f7f26ebea2b,cbbafac5,594,284,107
1545736481,6c4fa5b41cdbe717,24cf7be6,941,140,282
1517931646,391d0631b5bd2f8f,3a341558,289,612,977
1593053916,76b2be721815d977,4c393ce7,72,439,347
1586320312,9fb7a3f8ab037a91,da48d7cc,478,124,585
1557415033,301bb76a3d201905,61d66148,236,991,217
1494731885,11fdada2ad257d54,7248a90c,352,391,356
1576573198,069a129552b43be7,88c708b7,131,225,60
1581485466,1f72b5f401f58088,62b8ef47,781,128,672
1520804315,e54d946f8b6dd701,3618abf5,629,429,436
1489582477,7c26e4f540a9257f,e07f1b3a,180,682,851
1487959037,5388c8da6d04c12d,97ed6495,673,960,166
1504604060,7b1eb3b2895b8968,116042ab,373,662,807
1529624492,540f76027c7aa081,6e8d2aba,528,277,584
1500731811,b2ed2282fe5e2e40,dd514850,275,887,524
1568866708,04e377f2e2e51c5c,a16d687e,697,431,756
1552285269,b8bfe93f917a8085,55bea961,118,227,671
1577515899,d7494bb617f6521e,8b0bec1f,218,831,385
1515716240,aff0171778e8d0c9,720b022c,187,916,697
1608804940,0c5fd6c950d1d57d,48155a8d,616,85,90
1519544433,1f72b5f401f58088,62b8ef47,591,482,806
1569899645,b2518d396d94e85f,5ec66cfd,901,325,766
1539818563,e1c5a9eac564836a,f2deafd5,395,772,136
1639772304,99a0354c53961ba9,9aedde3d,969,703,496
1547300371,a7f43ba7c93ad316,8d77fed2,531,549,102
1612744559,f1e2f3d8df0008b2,1a7d1d16,221,706,384
1518519489,f72ac9467c132951,0875097f,197,648,374
1599451391,420f39240772d5eb,e589a7bf,783,569,811
1507736221,05263950a9da5892,f92ef131,337,894,213
1566171158,0e352038e16c9036,02b7bb1a,773,387,719
1502354646,8d380e8e6220b1e3,7efe2af6,443,342,382
1497490575,69da1d685dfc6220,de223d46,710,59,650
1584635669,2efb9bd966748ecc,8eb5c0e7,691,456,540
1603862711,2abafb342b2435f9,3a814775,235,394,583
1485147276,ae9ae497621582ef,6b9751dc,253,984,745
1523442758,5a4f05a4bde36156,592fb6fe,563,875,178
1624332760,b2f5e553a1013041,7f0125ec,874,75,423
1580155330,0b6125f04b024fef,0052b2d0,261,930,749
1564552833,d7aa027b2f60d1be,058c3fca,469,444,91
1581718331,b7e342fd8e4ad69b,f5f8a77b,799,756,960
1543667234,b8e38ca57468ee0a,bc51ec24,540,615,89
1599104140,6b47fbe503efcb45,fbb98ce8,129,522,335
1565592275,b3c02b264263f9be,44820ee8,993,520,493
1609034531,aff0171778e8d0c9,720b022c,992,521,300
1558808310,0d07fb37c797c7e6,3203a7b4,913,425,294
1575673972,b00ad3531df4559f,63e67d75,354,308,677
1586217464,1509fdd1c5f0710a,a1c37b1f,620,653,707
1546687875,7f3127122c57ea9a,51bf42fd,837,58,225
1582813042,fd59ce275247b7c5,8dd945af,139,184,649
1576608513,21ad15887c64724f,9add12a7,342,674,933
1548263410,d346f3e46283ba47,09c70c3f,645,55,41
1633954700,76b2be721815d977,4c393ce7,64,18,940
1529442819,b98cf5bab309e221,3c153966,500,301,901
1610610473,51f9ba4019d5de5f,26bda4d0,931,904,494
1535578180,f4346928c196bcc2,ad0b912d,420,346,21
1513500831,328378c031d2cf53,f32057bc,886,376,276
1526554594,b7c246f7d963f0e0,03003adf,507,480,625
1506181570,4adb9f34267839fc,ba3e2aca,613,101,465
1578476675,a804452cee467b2d,f7a34dd2,778,859,181
1545998950,bcf4c521e06c97ad,3b1914ca,220,21,841
1633646791,ce47ee4711dd7d16,7883744a,189,440,74
1505593497,9412305624658c58,04f65f69,638,974,249
1573140591,f3c975aed7a66317,d6f877df,488,468,7
1526212431,078edcd2e95a5832,63849029,952,731,228
1572995462,462bb94b56d796b6,97bcb7b6,390,642,809
1590793463,e12313c9639583e0,70b563e9,663,986,842
1492779781,317531b287aedda1,7342ae09,552,976,766
1526537067,5130f2fc666959a9,fbc7e8e6,979,286,489
1587639420,bb3e8b8083079a62,82e094eb,678,961,401
1486826658,9674a13e02e16c7a,f61e2513,780,860,378
1621080530,2a2e9f4fdaa8ec05,c738d1a3,678,519,497
1591341469,095809f1c357c6a5,d8c6afd3,662,364,164
1578038513,d613a74520b100d4,2338e676,82,132,81
1509236205,573cbc4a451c197f,2f08e290,24,576,681
1578811253,c7b7e269c6c6774a,92b3ea13,513,430,252
1537893977,c02b7ea5e3ffef05,5bd11de5,72,17,293
1543386063,28672c0f002d24f7,535fd54f,391,351,618
1588000438,ee191ff37db23c5a,e33974f4,753,308,320
1515946716,492050803f83b4c8,fa9c4e45,664,516,904
1599550307,a2807232e49c692a,1e5bb34e,759,639,610
1525932256,d45a626285e8b910,f7e5fa31,874,395,608
1622431073,d7494bb617f6521e,8b0bec1f,117,377,89
1506147759,58f1e3c7ddaa2cbc,8251d610,770,773,232
1622747004,301bb76a3d201905,61d66148,87,976,314
1565572544,8cb0706e016e7fdd,4b8e306c,225,188,466
1539095875,8936c0201502995a,fa1f7528,185,711,705
1498353808,71ae586e13d25057,22d20d19,750,829,863
1600743544,46871262b0a7ef3e,32689d87,60,828,482
1558239400,73a358e42dfe6836,4e5f5075,766,317,526
1549764149,639d8bc45b754774,5bfda1cf,381,495,333
1632004715,c8d7598695d98ac6,77467717,299,436,861
1602273298,f3a9822d525fec94,06a341fc,11,202,565
1500111831,86ef9a77d1799cdd,20a64c0c,33,895,592
1573528062,bb0feadf2ad72df4,25d2cec1,15,205,621
1486675343,005e6d4611b7e2b0,ba0e4dc4,940,850,863
1517734896,00b9e803af1c0003,772d5f69,668,903,27
1524846065,7d1c32f083ae9093,5bc5fc1d,856,960,634
1560414692,fa029f8594fa7a3d,85ef1a23,340,328,908
1552168361,71a8024060f9494a,ee098741,33,348,189
1517980407,f3c975aed7a66317,d6f877df,811,892,529
1570059523,974333bb3d62e6ca,7f50f1e8,5,317,662
1554439818,0a9bf5c64d91d1cd,4d98bfea,590,37,902
1576844218,f44d0716cabfb934,b91571b8,921,669,505
1559562588,47758d5769c4a21a,999eb3fa,135,546,587
1574320100,a6d5ea6f59680df4,5ab24195,365,500,362
1580519370,a4f1d72f6c624334,d32fb053,860,82,790
1504301905,3aa23fb0dc515b43,c53a490d,353,764,618
1515991192,c16d47f76e5db103,9f667b6c,692,157,594
1640171576,7f16289a35442465,8ca1c535,453,585,408
1573408329,fde6ed8f6403dccc,abf9ddc5,117,237,185
1575641528,04e377f2e2e51c5c,a16d687e,843,795,281
1525340071,b8e38ca57468ee0a,bc51ec24,710,898,577
1488017990,492050803f83b4c8,fa9c4e45,758,285,700
1524359854,d67584615894b4a8,f2dbf1a1,855,484,549
1519061649,f00fc42cb0195c89,80b05ef8,518,525,367
1500804952,1d6ebc0bec8d16e7,95746e83,678,77,161
1491854236,9d432287645de08d,9e38901a,905,318,957
1496738994,04e377f2e2e51c5c,a16d687e,70,960,564
1625176332,34a55291b34047f2,978b8c01,278,836,359
1512582131,4120b6be3c400150,1d73ff2f,334,510,847
1563712754,6ce443a6ef36d744,11568bed,388,43,698
1596434397,93282f1f5ebb9466,3920376c,492,596,344
1574563294,94e968c3d354ce5e,8de09a0a,424,106,713
1511401754,1d6ebc0bec8d16e7,95746e83,627,769,848
1508289118,8adf5a187e3d3ed3,177fb9ce,27,812,752
1586959948,933620b63ddd532a,695fd99d,125,505,740
1523440774,f230b367dfdede5e,579d8758,857,841,858
1537431749,81b9ea8bdd3b2d21,5408a40c,34,81,322
1537379222,14b3668a6ffbcc9d,1247dcae,518,736,560
1525079008,e3ba967158e153fe,69b2f5d2,512,602,813
1590708634,3a08999a7c8815d3,3abdcc65,400,745,445
1528503019,b98cf5bab309e221,3c153966,780,736,323
1605832314,a4f0c3dc83e83523,523bb296,925,5,623
1485290847,6eb00fbb3ff5816c,35ef17d1,916,215,595
1611180586,04e377f2e2e51c5c,a16d687e,282,409,730
1534846439,a6b12a047fc2b1ec,91ac42c8,903,281,805
1541003642,dd804efb9e1c890a,406707f4,224,364,242
1636705278,d8833fb1ec6ce19c,201e71a3,173,591,289
1594013091,023fb023afb72e5c,ddc27dc5,398,275,937
1543227162,fc169e29489cebdf,d8280fd7,351,765,868
1516326718,55ce92de09ab0b9b,95a0499c,708,626,220
1504537345,0d07fb37c797c7e6,3203a7b4,249,984,722
1609632255,f97e965171bb5ee1,61ae51fc,448,571,166
1565488202,d84a4ba599544457,c5ae0242,817,338,559
1637699436,d23a08170b3a075c,aa4f42d5,845,858,774
1576572448,4ff08d9d06435557,816389e6,33,260,341
1547875956,272e1959fcdd9d37,55d4f6fc,45,324,210
1627795824,10ac6db6c3d8e5cc,8f31069e,518,984,617
1506416930,81b9ea8bdd3b2d21,5408a40c,941,584,137
1517081171,557aab9d17bd6cc4,a693e2ea,714,40,229
1596013297,0fdb33fc7d97e8d1,9b553cfc,825,670,218
1585038753,938891eb28b7d042,8083992f,150,291,375
1618860293,82c795e6608dc35f,96f19df8,953,152,181
1602049263,7f540cc83c5c5c5e,5a06aa70,352,824,320
1618333240,9a3c8d9568377ebf,fcb98b9f,642,937,96
1522374581,7b1eb3b2895b8968,116042ab,194,571,780
1525451287,e9d8a01d53dff500,a91aed14,413,95,322
1507941316,4adb9f34267839fc,ba3e2aca,753,31,36
1501233375,4d3e74bb170448f5,7c9fde66,252,229,144
1605124339,b76d2a6efac94dce,3886cfd5,824,742,93
1542414332,2e628fd710487663,e0d099c6,968,57,738
1599058573,0b8e55c74bc08388,bbd5dcda,134,361,933
1500268409,3e9cb2a1ec9b8686,53a207a9,940,483,644
1505833053,33b938c44c3b57d7,c7c1f4c4,803,237,895
1629302408,e540b430c3fe94fd,e906e110,116,315,919
1556493818,07f1e6fbe4020d4f,d0bbdd08,748,523,720
1610017066,676f95ba325f3bb8,649a4cd5,114,581,493
1522447831,3158b4604951eee6,72de74f9,121,295,180
1539961677,51f9ba4019d5de5f,26bda4d0,596,222,705
1488054430,b3c02b264263f9be,44820ee8,430,235,174
1613653366,9e58cc92f9038456,db99ee9a,711,542,570
1597189542,fe6f7b4b1e50a865,9510390d,928,92,975
1547874608,048b8b3748ec4bf7,84f899d4,112,932,701
1575629502,d346f3e46283ba47,09c70c3f,142,95,483
1533484634,668c19fe02d69573,6800bde7,900,925,977
1528297402,4a92bf584700cd0a,2db46599,464,844,476
1610406482,bddb06a7353ac155,ba2d9824,983,895,844
1621234760,4d402954b192e123,b79bdb15,175,476,252
1497317252,c5d80c145d87eb27,673e9f42,379,619,668
1606347150,5f8950148f2a883a,e8886179,429,613,501
1598810322,101593bc304d8923,ed9c89b6,973,338,240
1551896146,10e62573525b22b5,df54d856,910,285,121
1528962496,64135446e9d57958,d0cd5db0,586,413,745
1582871462,7af69a3cbff0d323,9b37b325,980,452,901
1571571178,8bb33df2f56cf4e1,93bb7700,989,882,724
1549985514,9f90b6cd9c5b3cad,7645ea7b,936,296,328
1592447549,5407c43d323418e9,14730236,568,997,215
1513268816,cc9059663863afcb,bf615cba,971,237,131
1534098259,342cc20a358b3835,d2d443b6,223,339,178
1614382479,76f215cdfedb2fef,05a9bee8,946,929,604
1488956950,738881b75129ad28,8d408374,704,674,327
1637856928,7af69a3cbff0d323,9b37b325,58,467,716
1583677603,7838cb8fc17d23e3,d6b8d4f6,167,190,525
1629052267,d4c35b66234116c7,0cefe695,607,127,85
1588287593,71ae586e13d25057,22d20d19,88,841,226
1558095634,f3c975aed7a66317,d6f877df,800,467,483
1553959948,fbee47f5a30bef56,300fb6fd,532,674,206
1570360880,d604376d2958b252,26282097,166,739,844
1608587343,6c4fa5b41cdbe717,24cf7be6,486,639,49
1592755288,a849f054f5fe7d6e,3efc1e37,814,886,202
1605858046,cc9059663863afcb,bf615cba,224,804,53
1498000735,e98842cab5ad7b41,6a917608,320,653,352
1577112127,6e051b8bfaeea1d2,155e62e7,308,700,323
1550045961,f01896b4b5b50be9,1c4e7728,929,182,277
1619122257,8e9b4f955c378cf4,b36c8199,291,990,480
1489180287,fb6badad55290108,9a250b1b,406,450,134
1527966087,a4f1d72f6c624334,d32fb053,498,266,730
1613961938,6e051b8bfaeea1d2,155e62e7,25,981,919
1569254261,4d3e74bb170448f5,7c9fde66,45,960,914
1511975879,5a96aa13c6d7a177,85e73e42,73,131,421
1495369179,577fd533b0ed9f29,adaac06a,425,591,699
1606565097,05b37d726e2d1acb,b2d01627,259,686,102
1489071609,7c5f02d4b8d6e01e,d3b26a77,79,672,257
1518637199,dcca30e0e1bb298d,bd419dc6,922,180,243
1590176786,0b6125f04b024fef,0052b2d0,51,160,100
1640174580,abd1241ff724f112,cceb721d,781,156,532
1522826147,047a24a9d5dc7566,2924883f,838,151,814
1496338321,cb2bc9d22f349d76,944b44b6,752,688,354
1604515233,0660a1377eff1b00,a4d836ba,355,602,698
1491843042,c6b9e62289dac570,3f8a8eb6,423,764,481
1540450346,f990d8fef27c11e6,d9156966,630,788,54
1624173789,d34f057b136f0e9c,03b994ad,841,842,923
1553942951,222c898f3db949f4,8584c2f5,450,252,493
1620240340,d46fa5c71c15cf07,940d5c71,900,281,777
1565117111,f7913161cdfa8718,a62aa432,199,967,853
1539471601,f7913161cdfa8718,a62aa432,83,298,810
1628093206,0f6f3f229646eb2b,c3a7502c,462,114,599
1636480092,fd8dbf3b84604d2a,97be5df1,71,650,118
1554951354,9e4c17f5e5d1a544,cc39ff63,292,652,505
1567706329,005e6d4611b7e2b0,ba0e4dc4,90,4,735
1558666065,aa4e622949ae0ae3,10c21368,442,365,882
1569908029,8e950af200b66136,ab21bca2,271,595,811
1492087076,8566f23b480cf18d,bee3f70f,915,96,394
1497214853,6b47fbe503efcb45,fbb98ce8,242,969,689
1542104464,94e968c3d354ce5e,8de09a0a,627,585,485
1576355448,8fe71fdab8148ce3,649da45c,211,32,708
1614876098,1b5485c884b4bc7a,dfe65403,177,593,905
1534753049,38ba9fcfe9172557,5e9ec962,961,412,557
1491314247,9f3c564a9504c49a,89685f37,95,702,21
1486700292,02aef0826d3f277f,2a5e26c2,373,861,67
1572248859,ae88f9f4f698e856,7b3de149,359,142,102
1547551331,1deac9b319277261,18b18081,2,158,789
1586375724,559cf370a88affa6,ee12771c,419,550,357
1621523046,c311ae760f84b17e,9c11f372,241,496,796
1616786925,ff368be836862e06,b3c65487,407,297,49
1623421351,c23b407db1c03e2e,ae281089,599,136,199
1544688595,379b2a108eb9f2f8,c33b0c94,476,534,72
1618094086,8f72c173ffd765f0,8d5d4563,322,998,215
1519669388,1cf2aa0a947a1c9e,c168864e,417,690,492
1504709610,39223f4e7b71a25e,dc90c395,20,15,745
1496966991,2c0a3a592bef9162,e2f85bd7,701,456,853
1562734849,a78144ab24d572ff,05441594,204,783,137
1593451390,940b7014333439e5,ab5a7ddd,634,548,281
1512787410,7d1c32f083ae9093,5bc5fc1d,518,699,794
1489187796,11e1057718ca3ad0,77bc5f0d,210,48,213
1601204404,8ae5eeaf31b942f0,cdd25d12,264,894,132
1634522772,156b0cb918416200,7a02c61a,834,770,549
1591796595,e1ec511a4712d217,4c739675,729,739,253
1641544597,cb39e11d0e07d045,77bcc17f,81,475,760
1526445581,208b29b9369c0614,14d82525,528,587,644
1612277669,a76756ba14783ded,8f429972,577,184,48
1536544511,8bb33df2f56cf4e1,93bb7700,269,5,10
1595536682,099927282137241a,7c15cbcd,148,52,610
1607883914,40e1b64cb20d1c4d,d86c9c73,949,479,727
1545311424,0268d7084159f1a9,b2ad7a44,128,809,93
1597354219,1bf2a25a07b06550,4043dbc3,487,369,913
1585985961,6df23722c76d6742,e0276dc8,679,676,541
1567914635,fb1557cadfaa955d,aa9a329f,178,983,381
1523550690,a1a71603e53d64e7,940f5336,122,246,320
1558629165,a35902c715372d67,c0062d1a,358,730,417
1536317520,cfc81a9d7d4a7c45,aafa3dc8,397,891,931
1510408725,2ed448373cc3099a,fdf526ff,467,105,7
1531842628,f990d8fef27c11e6,d9156966,43,310,293
1511402977,73b9f4646e565acb,8e04abbe,118,218,44
1638188742,e4d93ccfbf85af52,740adead,366,93,249
1632228910,7da978576ce4f62b,0a308e50,57,330,547
1564033147,2f28951197e839e0,ee7106fe,660,456,379
1511676570,2460844b0c71e2f3,b1e6b176,406,197,173
1599722874,7fcfca0705877a72,8e626567,473,729,127
1497920536,00b9e803af1c0003,772d5f69,12,173,976
1597551144,f5c2a19c89036977,9140e0ee,475,503,492
1579911656,8a812d82acb2d57b,e09ee5ec,494,499,292
1599555981,ba487b195faca1b8,bb9e86a3,143,902,157
1484422229,82567b130af22f1a,6ad2e709,678,370,363
1576556182,874cf4e035ceceab,b5df57be,638,389,195
1568251101,fde6ed8f6403dccc,abf9ddc5,2,379,974
1602539486,7f540cc83c5c5c5e,5a06aa70,186,336,354
1543880891,199fb32c57e185f1,aa1f3431,950,344,152
1632784390,760ff880f022a51d,5766bdd1,8,523,423
1606396334,3677024277e21f8e,a599d4cd,510,591,34
1577195657,d613a74520b100d4,2338e676,194,738,200
1509640621,1c05ead9870982d7,328a24f8,759,882,394
1630589613,7fe9203d743589b7,d8cbe651,628,401,809
1528897497,ed6f8b4e3cc6fd10,25ece502,169,523,726
1539588378,9b0a96da7bba28c4,06234501,59,288,560
1619686606,20630171d405d8a3,898e7aa8,15,802,147
1576316879,0379840abbe95788,2d13ac46,828,686,798
1501437248,e3f5a3ffe5c8f309,710b1645,862,208,472
1620774396,0e352038e16c9036,02b7bb1a,479,573,926
1508821219,8d443aae453b1e86,1d8d2bf4,180,286,734
1521956065,f95ed29dfc219d0c,832c36e5,739,356,970
1583707583,4a65248a301a89d6,f203ab0b,374,75,957
1490244004,2abafb342b2435f9,3a814775,743,861,985
1521290129,b7e342fd8e4ad69b,f5f8a77b,958,637,155
1564623990,f29425304470f432,e3ff3fc8,859,462,549
1578019298,29852d60780ee405,7f9c9cc4,893,700,589
1512840237,9c7c602ef885c88e,38aa2f8e,75,391,978
1624622108,aa4e622949ae0ae3,10c21368,602,453,954
1508307088,196b50d15db24de7,fe52b8f6,973,401,920
1582320525,b5741393a660af77,a1d512e7,541,501,579
1536787356,fec956ea95dcd5dc,08934dfd,896,495,26
1526076775,63b55da0d9f03958,6fd45a51,536,538,478
1594228641,e972e0c3163578b8,e46917de,213,582,555
1609772457,efd9d6c05cdb0961,f76ec67c,476,122,925
1572987825,1bf0885c12f7639d,d4a5bd52,165,99,755
1563860995,6841b86f92bdcba2,37df50c8,763,556,256
1627216040,f7526a199761f31a,4fa6f9d6,145,855,386
1523187087,38ba9fcfe9172557,5e9ec962,859,992,258
1641070098,e537bca3922efefb,5afb0d5d,788,967,807
1515620327,b630bcb76e9f81d3,95bd0f0c,591,48,937
1536345080,f97e965171bb5ee1,61ae51fc,390,349,805
1524028768,a6d5ea6f59680df4,5ab24195,380,802,134
1575102639,a76756ba14783ded,8f429972,168,80,133
1498067762,7abd9782202750ac,ca8b1546,359,137,230
1545420598,8bdcac67d344e128,6bb428b2,110,22,159
1577657997,199fb32c57e185f1,aa1f3431,979,83,236
1631016621,d38060abde3a6ee2,d73697fd,207,900,475
1596197190,0741fe5f000c227e,f398da02,287,449,179
1573965808,8e681c5209f6e4f3,6695c24b,538,560,727
1602802313,c6f0fb20c9296aff,d5612c55,221,576,481
1549452297,93282f1f5ebb9466,3920376c,929,379,656
1636805620,7d1c32f083ae9093,5bc5fc1d,933,542,825
1535964022,34a427794abf009f,7614388c,365,813,877
1548907604,1d6ebc0bec8d16e7,95746e83,300,790,625
1491388755,1d1bd7c6000de4b0,5903d4a7,333,529,91
1491059410,0fdb33fc7d97e8d1,9b553cfc,123,388,915
1550215987,48b4129b5f351a2b,d2a3832a,120,55,435
1612008193,77f8644e07535030,f89a573e,395,371,835
1609630314,07b202a3de6272c5,4a5a9b0b,658,992,821
1602374245,ea4089c0973fb1d4,3bc56095,396,256,460
1618115395,eb46c3ea9c200d41,ec438441,272,522,136
1632926610,5a4f05a4bde36156,592fb6fe,355,331,87
1524872720,fb9fb7598f21bae9,bf2cd5eb,563,586,511
1528148743,6eb00fbb3ff5816c,35ef17d1,405,598,885
1576329427,94487aa85302b315,a459bad8,778,817,755
1527015582,c6f0fb20c9296aff,d5612c55,963,548,455
1552913052,7a1f4b203a4a42a9,33425e94,925,690,293
1626749931,fc7f675506e4ffc4,9f15ca8b,79,184,897
1549596146,64aa65f1d2ddb643,9502538a,779,26,474
1489881002,39223f4e7b71a25e,dc90c395,854,956,893
1599197667,4120b6be3c400150,1d73ff2f,879,485,745
1485819070,fb9e13bd2ed81543,90576f4c,232,649,831
1505412502,420056b1309d2aea,4bc1f676,260,854,639
1626416541,1d1bd7c6000de4b0,5903d4a7,150,521,791
1496920267,74ac8b92433aac6a,6dad90fa,257,385,39
1597117743,7af69a3cbff0d323,9b37b325,532,4,919
1489772255,be40660dd64d6914,5fcec2f5,32,358,388
1548145928,71ca59cd80b64f4e,625f82d0,759,138,709
1535890304,11e39637bce3fd1e,66438a43,100,762,178
1554449909,be40660dd64d6914,5fcec2f5,489,62,743
1616608958,e2a590e42db337b1,2be05110,810,131,84
1610855726,55ce92de09ab0b9b,95a0499c,709,269,643
1500690896,b2da67c6f8c8a330,6872ba65,620,377,911
1494869135,318bd2c5e99e2ec5,cc8c9c2c,802,989,778
1567170556,12535101622c91ff,9061cfeb,476,487,606
1528684247,7f3127122c57ea9a,51bf42fd,103,427,733
1638875038,3e6a08fcaf108b29,08207191,255,351,895
1530871380,6609e1093ad10eca,d8d9840d,172,554,2
1628069896,4d1d519b5f7320aa,80982be0,46,352,787
1598480738,835e856bd9852b25,8b78e60f,396,621,665
1487014546,f819f6bc79094db4,dc593296,260,227,773
1544809015,346d32ca2349ea50,420e8b95,896,225,335
1631692717,f990d8fef27c11e6,d9156966,936,338,914
1633231837,f2d03a75fccdaf68,c2407af3,777,185,178
1569176576,8d380e8e6220b1e3,7efe2af6,351,637,733
1564023282,02aef0826d3f277f,2a5e26c2,741,630,829
1502130876,1c05ead9870982d7,328a24f8,225,50,992
1527978491,0ad20efa297e0fb1,825b838e,376,18,896
1601013488,5038ed6243e2c667,9f4ff26a,277,467,53
1641478959,a480d775e493c57f,9a6ab5c5,606,430,65
1622727057,c54e559cc231bde5,cbed94a6,164,314,426
1538616441,8bdcac67d344e128,6bb428b2,139,120,940
1612075162,4b15af7ec43df0ee,268efba7,733,530,671
1531966172,f95ed29dfc219d0c,832c36e5,70,311,627
1627674785,ecd7fbdcf061f881,e8732ed1,644,814,18
1504880151,557aab9d17bd6cc4,a693e2ea,447,975,726
1573225096,3d6b73ac8f59faef,dc08e38e,797,661,723
1496550733,82567b130af22f1a,6ad2e709,408,793,236
1562794330,193fd7aaf7a19abc,4b4a4e40,346,717,874
1527785774,2073b364724bde04,75c005d2,582,549,197
1615027479,171f501ef61e49cd,2314a9b9,554,352,645
1498576096,be7f7f5c15da36e0,b607b876,683,151,603
1493634407,fb1557cadfaa955d,aa9a329f,933,98,920
1505182383,125eeca5d46c03a4,3d412e3b,549,744,540
1608583332,90aeeb7e3fb2a9ec,502922bc,92,414,123
1600427651,da18526bade9ff9d,b8b68d47,440,554,649
1575942167,086099ed3f73b78b,34ec189c,642,376,218
1606726142,fd8dbf3b84604d2a,97be5df1,367,66,482
1626939883,83412553f0c69510,bab638a1,741,545,35
1626132396,0379840abbe95788,2d13ac46,581,20,923
1611074127,4d351f57967dbe67,d26a2793,155,592,972
1613943519,156b0cb918416200,7a02c61a,388,515,251
1569228664,ecd7fbdcf061f881,e8732ed1,266,307,438
1639527595,73b9f4646e565acb,8e04abbe,732,328,28
1537429947,d9a48ec62dc7b3ca,3ead900b,937,106,743
1533212915,e547a4253dd7d081,ca184dfd,867,517,781
1535707397,d75fb425c96a23fa,244d01c9,40,814,880
1557787829,620d5fa26807b9a3,6dd9a90d,34,360,778
1543800489,64f9ac7d60be5848,6113a99d,389,498,251
1576421391,f638fa0e10dfd4b7,be2f2b62,870,438,624
1625864318,04e377f2e2e51c5c,a16d687e,919,513,413
1498559512,b9d9b72594891e3e,07b6130c,126,865,998
1564803322,b8e38ca57468ee0a,bc51ec24,576,145,1
1507524313,bddb06a7353ac155,ba2d9824,971,603,901
1530623682,ab07678b8849bf0e,03338d59,118,599,473
1526191186,98a42f6997391b04,c452e0f0,635,377,204
1622481430,7b6765646d9d57ee,811e50c0,173,813,721
1601126901,536080f8cb2d890b,7c18145f,323,909,647
1626676794,083c9f898d42ff63,70249865,336,516,109
1542578395,e5c6351c1f8c45dc,bfc77906,587,638,67
1488646462,5678fc3917254278,73ce3b19,606,532,988
1584703085,eb88cdfa9e3bf844,f2bd57f2,122,352,815
1610343989,27a0b2c1f3bde32d,be1058fe,691,757,113
1545535687,9eae4fa4f4a4b97f,c2afc2f9,989,964,159
1534030314,302f7edc8b1e0e8c,09d16940,328,609,257
1584951786,12535101622c91ff,9061cfeb,335,437,710
1547453985,5130f2fc666959a9,fbc7e8e6,952,632,779
1635143803,d0419027760bcf2a,d0390da1,196,671,119
1516006366,d8833fb1ec6ce19c,201e71a3,603,393,76
1569685418,023fb023afb72e5c,ddc27dc5,902,392,885
1613531897,0268d7084159f1a9,b2ad7a44,731,648,71
1518687253,ea43e6af944de883,af592d48,108,102,509
1523375695,b64b981fe8965bed,f3c8085c,362,956,342
1611589295,b0ebcc746d4f51cf,5d8ff9ad,887,342,654
1499890206,167cd3290e3cc0a1,3dbf29c0,928,859,283
1591507290,e5745fedcebc5b4d,85e8af72,352,602,557
1600183303,1ae439a7655ab831,5ac880f1,740,682,183
1579201299,e9ca1544362230a1,0a01fc9b,721,771,391
1577024315,d84a4ba599544457,c5ae0242,948,494,634
1506442894,e2a590e42db337b1,2be05110,81,208,170
1628927942,213b1deeebabb11f,fd931c1f,731,701,625
1494852598,ecd7fbdcf061f881,e8732ed1,944,126,499
1485052496,7436ef1772015fda,fa1f90f4,900,116,301
1513817718,74ac8b92433aac6a,6dad90fa,548,504,491
1528297498,9f57e2b4464e4a6d,df826997,994,903,624
1613269973,8d380e8e6220b1e3,7efe2af6,143,473,798
1571344116,64c97793c4b0c0bb,b0d81fd2,370,529,113
1510043670,5e7137e197bef842,88dbb707,160,103,0
1609646411,59cfebf970682891,d46b4a9d,301,14,680
1603003789,d9a48ec62dc7b3ca,3ead900b,603,229,2
1615463574,769f21577563fc9a,4b761ee6,648,660,443
1602390895,1477cc811e53af44,46362ad8,110,514,380
1601856401,cee0c95afc72b2fb,218a05af,643,342,355
1558219450,3158b4604951eee6,72de74f9,741,410,140
1516543058,d306d36e39a742d2,cd5b15e6,397,766,733
1561378211,642f226c49b27c43,d3a73c1d,809,746,973
1621127918,8fd1ba83c46b020a,d861a0d6,40,756,919
1611896334,4d4483a6316a5e74,326225d4,602,792,930
1589064981,7fe9203d743589b7,d8cbe651,743,216,185
1562103706,fe8fc6b555ab75ef,c569d77e,398,269,304
1501297792,cd4acd6b516c332d,eda729dd,652,844,928
1576331267,0fa6ba12ef51f051,8016437a,541,815,843
1634046387,5038ed6243e2c667,9f4ff26a,232,683,489
1565518949,0391b4342473382b,9d00bf4a,761,368,993
1504399490,be40660dd64d6914,5fcec2f5,997,218,694
1553724860,e677a45255566db1,4af6ea96,335,415,877
1571450361,0234554f9c1abe92,4f2a0732,263,237,49
1591963003,734eecf41d2800a7,c703b838,475,692,140
1560240534,94e968c3d354ce5e,8de09a0a,892,301,947
1572417459,42d6dbb02ef1c946,062aa4f6,61,745,281
1484698620,a6f1b13982e4ebda,e3111685,41,305,246
1526605024,671c8456f823e790,1b1a2d15,41,999,124
1636947147,5ab8da206f61f8d5,96622bed,375,642,302
1488764275,1ae439a7655ab831,5ac880f1,862,530,280
1534521652,a0618440cc731ea7,548b16bf,155,802,290
1569806929,7c841340a3d26460,68be6878,863,777,496
1602619521,b71c6c3cf38bb446,1478cf19,698,414,323
1629927163,c54e559cc231bde5,cbed94a6,259,158,843
1614969716,0fa6ba12ef51f051,8016437a,452,931,583
1485373417,e70894aab5680cd8,e25ba4ff,667,59,183
1591394352,a10fcd62ed90c11b,8766b59c,89,920,998
1503801367,46070faef29702af,3ba430d2,758,709,943
1628843976,798d4d20e85efdaa,0a3a2edc,988,237,285
1619339159,bf3a8d2d04e0c923,e0a03210,526,756,71
1547264075,11fdada2ad257d54,7248a90c,663,439,17
1638087240,bc98301854e0d557,b858fe35,405,59,856
1520733825,82567b130af22f1a,6ad2e709,882,141,78
1567603805,9a3c8d9568377ebf,fcb98b9f,840,59,164
1564852563,7a1f4b203a4a42a9,33425e94,77,419,76
1606165005,57b7b13e69d32f85,77d309da,141,340,935
1561089769,40e1b64cb20d1c4d,d86c9c73,882,321,563
1590595471,4a6a4b84b33067cc,39cdf92b,633,600,847
1622923777,b71c6c3cf38bb446,1478cf19,71,735,371
1598187775,9e4c17f5e5d1a544,cc39ff63,102,406,639
1523317105,f46f8ab3e8fc75c6,89d9f7bb,972,843,435
1531728019,42d3c5b65be9f54d,0d088fc6,325,823,737
1514088040,2721969dbbe6091d,941b4d6a,610,40,966
1545219006,e0b907846304b765,f5944a9b,711,136,731
1594117513,7ff7738088ea9596,64a5a874,305,890,397
1605348586,e0b907846304b765,f5944a9b,946,952,446
1573245052,e12313c9639583e0,70b563e9,771,334,765
1519570811,a10fcd62ed90c11b,8766b59c,525,784,980
1568268093,d9a0f335d2eb7f1b,fdc141b3,774,99,105
1554073344,760ff880f022a51d,5766bdd1,668,86,918
1578513556,dd3a94828cd2be01,22353de3,302,527,492
1534285343,ff908a3a442a49aa,ad558c1a,254,357,887
1553585482,af0d19428348caab,6b2f6c92,787,291,443
1638354250,890b57989c11c561,c7d33a15,274,766,168
1629129084,16ee9acb7ccf00d3,18a2f4cb,819,250,79
1610507575,cba8e07ac5c5cab9,1eecc6f9,754,503,181
1497002830,1d7ae76fab7ee6e1,24fec843,738,201,260
1558219290,b6bf9fb5f856dbf7,5e9b0367,640,76,297
1505343669,b0b64a6b679bbe01,b7d01767,536,728,828
1619667558,90f8d011dd14cf00,545e4311,415,930,757
1599285218,3b1c7cb5d37ee8e2,771a2da8,645,915,251
1604456399,f97e965171bb5ee1,61ae51fc,344,904,505
1617331636,05263950a9da5892,f92ef131,270,53,267
1586929646,181f998b83fbb640,f0ff5314,517,130,779
1598698994,68e08f157097b20b,a40842db,844,729,700
1632660186,d7494bb617f6521e,8b0bec1f,600,509,893
1485567444,8cc8ada6bf7af61a,0ab8f44f,288,46,875
1639533856,a01551bf867a6a7c,b96d18f0,426,209,649
1597668679,1eb2fe20461d5ef1,7f207950,357,562,75
1641801037,aab1ffbcf729e947,b00c44de,957,996,864
1561807718,ea4089c0973fb1d4,3bc56095,827,610,694
1548731583,7fe9203d743589b7,d8cbe651,827,694,751
1508573126,8574c4b263798847,b9d23d51,812,471,676
1606409087,04fbbca90992cc3d,327d1bc4,898,771,298
1545051961,459c323c858a5dae,ecdaa96f,92,810,79
1490036593,abd1241ff724f112,cceb721d,595,974,855
1611003687,eb46c3ea9c200d41,ec438441,349,6,244
1568002090,048b8b3748ec4bf7,84f899d4,175,879,24
1550150480,ca6859eac3dc3311,4aee6747,773,487,555
1639026949,7e5375f637153b54,56f8642c,266,161,201
1596578794,ffa95150157790ce,22b27f13,601,455,514
1525398024,10ac6db6c3d8e5cc,8f31069e,537,892,498
1570218576,e56529428379e65f,d3c936ba,115,593,649
1516334622,639d8bc45b754774,5bfda1cf,628,395,331
1561104988,86ef9a77d1799cdd,20a64c0c,889,748,756
1532987194,28672c0f002d24f7,535fd54f,56,137,642
1513248178,004f279cfdd63f82,bdf28a95,971,63,725
1485653826,f879de83aac9a632,2651732a,553,919,384
1549791078,9d0a890ffdfe4b1f,3910cdba,100,305,457
1547134172,90e576aa10bc77ed,50826c3d,498,396,501
1542428771,7c5f02d4b8d6e01e,d3b26a77,367,179,566
1529254262,2ba9d08f9b419e8c,337689f5,274,377,315
1494336277,51748b12cdcf60c2,e193c75a,473,899,694
1583400599,a8474168a7022410,6c82f154,961,525,475
1518834131,10d4d75ca2f69e1b,2b93457a,750,515,398
1553429486,181f998b83fbb640,f0ff5314,1,524,407
1589312397,d7aa027b2f60d1be,058c3fca,668,225,125
1505664228,19d354741b42a15f,626abafe,185,757,278
1630623481,8bd9b4fbd07e7d01,cb15a79b,647,613,965
1623217719,21ad15887c64724f,9add12a7,292,890,730
1586752382,71ca59cd80b64f4e,625f82d0,785,658,2
1568502984,a3dff4d02078bfbb,a572f71f,215,355,251
1544265525,8d052d16443d7944,a1128498,763,80,100
1511712052,79a29a1751685dfc,3d0374da,530,315,4
1491330070,d0514c3f7fd9f4fe,6cdf07ca,197,899,441
1577901846,101593bc304d8923,ed9c89b6,231,442,623
1501745457,8e681c5209f6e4f3,6695c24b,830,75,257
1489004834,ad588349c96e3c5e,f463ed6f,310,504,905
1503494525,ce046e0a6d3fdd7b,db54a85b,905,582,263
1512028047,d82d6c482c1f0ba0,6183fe23,32,515,198
1607456973,e5745fedcebc5b4d,85e8af72,546,857,83
1613078823,bbbb073e334ab6a7,0b494f86,176,187,702
1594150304,1a51c7e86a7b1ccc,d43cc9d9,795,168,741
1592861306,bddb06a7353ac155,ba2d9824,188,19,446
1605408510,199fb32c57e185f1,aa1f3431,607,144,479
1495502981,82b76f3a009a90fb,dca09f56,280,384,998
1600673468,1d6ebc0bec8d16e7,95746e83,88,991,308
1559658974,fc074669915fac2d,118402f4,713,820,927
1546251570,00b9e803af1c0003,772d5f69,23,526,855
1499497534,81f973bf980bf763,5ff23f50,926,396,900
1603530960,eee371a718df5518,7df10c60,837,759,386
1510952590,976f70160b4835f9,76d5bc10,736,57,830
1494943679,7e5375f637153b54,56f8642c,709,149,648
1504469723,4d402954b192e123,b79bdb15,824,755,501
1501248196,b0ebcc746d4f51cf,5d8ff9ad,342,593,252
1485989457,bf3a8d2d04e0c923,e0a03210,702,128,535
1490045737,668c19fe02d69573,6800bde7,883,40,720
1503982644,d84a4ba599544457,c5ae0242,421,655,448
1517989802,aa4e622949ae0ae3,10c21368,864,552,572
1597031433,90aeeb7e3fb2a9ec,502922bc,407,797,552
1549620117,468573e630fd39d2,02c0c75b,306,163,768
1590695260,2456d366d577ef07,2178e523,265,589,623
1508877664,7a50c7a095052baf,316b6d63,490,681,687
1577466974,913600bda4814cca,b26afe2b,111,644,698
1537814439,f97e965171bb5ee1,61ae51fc,161,186,958
1598103105,e12313c9639583e0,70b563e9,242,113,98
1600773503,3987257f72d0e5d1,ececde9f,623,798,739
1637375971,e70894aab5680cd8,e25ba4ff,762,896,816
1544151106,9d432287645de08d,9e38901a,570,90,819
1484627515,4f793a44a5210c9b,3459ea3e,563,219,687
1584618271,89f2e74cd4837d8c,00b5d641,705,289,939
1638283155,329052d32e34f269,22a920db,910,891,706
1618442309,16f9be08dd5a2ef6,045f7356,185,968,583
1511600703,f23bae9bfa8f80e3,19a91f3d,417,422,985
1560197474,328378c031d2cf53,f32057bc,335,774,833
1499780876,09ef601fa00ed51f,054eca91,290,522,719
1626182683,062a6b04b91b4997,fd04392f,396,259,238
1536440151,0f6f3f229646eb2b,c3a7502c,559,423,577
1641476270,3158b4604951eee6,72de74f9,670,827,423
1570567966,213b1deeebabb11f,fd931c1f,418,623,300
1632558465,fefaea2a82368109,9096fc15,263,972,550
1577104665,3bc9ed91afdd7bc0,bdeedda7,532,914,550
1494492126,e492ddef1db34f05,6260962f,357,799,865
1558697880,12535101622c91ff,9061cfeb,223,621,150
1597451923,370e3a78b6ff884a,bdbc3db0,902,586,269
1489155688,e10807552e25f3c5,c4f12a5d,311,376,170
1626728511,338fcc0645624831,c5a74da0,743,393,843
1570531830,f8a445382fa29f84,8d82a5c4,831,194,178
1513896089,0fdb33fc7d97e8d1,9b553cfc,983,614,936
1609660828,3677024277e21f8e,a599d4cd,271,167,597
1640496555,1fb2b81aaa44e10c,75675fd3,121,773,225
1562003999,3600cb19c3d0595f,b1a88b47,498,719,800
1616542130,f01896b4b5b50be9,1c4e7728,402,692,153
1514390180,9f90b6cd9c5b3cad,7645ea7b,743,474,686
1594591053,15b5391e360f9d65,da848b9c,158,290,821
1634444082,4120b6be3c400150,1d73ff2f,21,756,431
1562979384,069a129552b43be7,88c708b7,989,886,499
1567432962,ea9898a6074bb679,530b7ad1,600,512,258
1594913833,847ec695b6938ce4,85506b1e,121,262,702
1636292381,a5b256287932ba41,7e099aba,197,705,390
1530233916,b8e38ca57468ee0a,bc51ec24,916,576,674
1599668684,f068ab6c5f0f1293,e877414d,906,880,878
1552417425,27d74a43b9358473,bb5c4498,374,153,542
1600903927,60e804600448405b,430518bc,906,77,96
1517459454,ea9898a6074bb679,530b7ad1,230,383,765
1541205285,5bb3c7c4965364a1,dc38ad5d,695,776,672
1591541116,335a380ab625b150,76485019,820,622,569
1613660914,468573e630fd39d2,02c0c75b,141,620,45
1527393553,c23b407db1c03e2e,ae281089,147,35,633
1523287922,05263950a9da5892,f92ef131,656,922,503
1630442097,f490970e823a05f0,148a326a,329,749,686
1555155390,14b3668a6ffbcc9d,1247dcae,495,419,830
1484846394,79a29a1751685dfc,3d0374da,504,399,282
1510836125,e9d8a01d53dff500,a91aed14,773,121,321
1504670853,1fb5e7136c7a25ca,7b300c91,773,584,720
1594290061,d613a74520b100d4,2338e676,619,808,909
1598705562,b0ebcc746d4f51cf,5d8ff9ad,998,664,398
1502091354,a39fb067ba3c0bc2,141789ab,204,405,194
1596283635,692eb490b856edbf,fb87a12e,620,153,690
1508065475,306d48e5727bd7b8,322ee2f1,542,882,4
1575011679,a4e6b2d34f2615ad,1fb91e79,34,754,694
1573125998,4d3e74bb170448f5,7c9fde66,212,681,30
1517582047,4cdf5d3efc02723f,4dd51b56,827,446,321
1622473665,857a35f1d40df464,f190c252,431,675,96
1601909098,bbbb073e334ab6a7,0b494f86,323,313,177
1548331273,79ebde5b8f9a2d57,284d1649,134,633,816
1506068874,40ddeecf46d64aca,284147a7,520,812,376
1582525240,070209e625c86738,1183c827,131,98,582
1593292390,9a699e766ecc021c,d4f88e1b,147,580,485
1607939053,cd4475c32fcd44b8,02aafef2,665,967,454
1609407902,abd1241ff724f112,cceb721d,393,73,470
1496990780,705c3cf0e08f80ca,ca349fee,205,490,155
1526147376,7838cb8fc17d23e3,d6b8d4f6,843,325,733
1539912827,f7913161cdfa8718,a62aa432,652,516,989
1502612784,eee371a718df5518,7df10c60,521,831,646
1621559576,b08621f486185ba3,209c88a7,246,378,202
1633806563,9abb1c84d146a83c,67a29b9a,746,936,803
1515209655,c6b9e62289dac570,3f8a8eb6,51,555,529
1607107691,275878410efb96e5,78249ae6,316,705,991
1605489533,09baf27af1a2da8a,8ad90d24,34,945,849
1500614114,9262a37825147c19,4d9b33e2,470,376,721
1563150002,3e9cb2a1ec9b8686,53a207a9,748,66,136
1633217465,3178c0f1200cd4fc,cc6bb0f6,329,300,118
1509372212,9674a13e02e16c7a,f61e2513,316,406,984
1539308738,b08621f486185ba3,209c88a7,18,171,210
1558492832,a2631eada0a37bee,3fece81f,882,827,833
1573752209,125f058d24961ced,6558602d,708,878,455
1620854165,60feea7983ab5702,ab21dfd5,859,0,556
1604041282,4adb9f34267839fc,ba3e2aca,660,453,145
1569490967,27a0b2c1f3bde32d,be1058fe,49,918,403
1619215082,6841b86f92bdcba2,37df50c8,899,206,619
1546595085,3fb157e483be4fdf,f586b388,771,192,281
1546852757,fc7f675506e4ffc4,9f15ca8b,492,485,432
1604571148,e972e0c3163578b8,e46917de,222,545,782
1636435857,48b4129b5f351a2b,d2a3832a,58,927,261
1619718732,b2518d396d94e85f,5ec66cfd,676,779,108
1591405226,005e6d4611b7e2b0,ba0e4dc4,113,282,535
1541132110,4fffa9f3ae5de2e4,3e3a9131,166,296,694
1501749213,57f05daaa999bdc8,027a6a12,512,611,721
1530280016,ca6859eac3dc3311,4aee6747,394,592,479
1492891793,aa2c64d5a8b067cd,4b56e15e,189,68,353
1494635689,6c4fa5b41cdbe717,24cf7be6,118,464,827
1530458647,e2709b580e857e09,d958580a,17,481,25
1572751838,938891eb28b7d042,8083992f,179,382,912
1567086995,343fc2a7e5e9d1b0,080d8fc2,381,601,58
1511758397,f8a445382fa29f84,8d82a5c4,495,154,92
1638261526,6b5e1082c4428d1d,a22a4a32,483,877,168
1571492329,0f6f3f229646eb2b,c3a7502c,247,465,453
1550028080,ccaa9929a2e383e6,4362edef,128,694,667
1611750405,b6bf9fb5f856dbf7,5e9b0367,694,620,287
1600129719,aa07f70396bd289f,ae4959fe,746,489,967
1546505690,889dc081e6f1376a,d3140225,344,736,147
1554127670,018600bb8b9c7f86,1a98eebb,815,515,24
1532182652,6df23722c76d6742,e0276dc8,756,142,646
